Abilene,Texas
Akron,Ohio
Albany,New York
Albuquerque,New Mexico
Alexandria,Virginia
Allegheny,Pennsylvania
Allen,Texas
Allentown,Pennsylvania
Amarillo,Texas
Anaheim,California
Anchorage,Alaska
Ann Arbor,Michigan
Antioch,California
Arlington,Texas
Arvada,Colorado
Athens,Georgia
Atlanta,Georgia
Augusta,Georgia
Aurora,Colorado
Aurora,Illinois
Austin,Texas
Bakersfield,California
Baltimore,Maryland
Baton Rouge,Louisiana
Beaumont,Texas
Bellevue,Washington
Berkeley,California
Billings,Montana
Birmingham,Alabama
Boise,Idaho
Boston,Massachusetts
Boulder,Colorado
Bridgeport,Connecticut
Brockton,Massachusetts
Broken Arrow,Oklahoma
Brooklyn,New York
Brownsville,Texas
Buffalo,New York
Burbank,California
Cambridge,Massachusetts
Camden,New Jersey
Canton,Ohio
Cape Coral,Florida
Carlsbad,California
Carrollton,Texas
Cary,North Carolina
Cedar Rapids,Iowa
Centennial,Colorado
Chandler,Arizona
Charleston,South Carolina
Charlotte,North Carolina
Chattanooga,Tennessee
Chesapeake,Virginia
Chicago,Illinois
Chico,California
Chula Vista,California
Cincinnati,Ohio
Citrus Heights,California
Clarksville,Tennessee
Clearwater,Florida
Cleveland,Ohio
Clinton,Michigan
Clovis,California
College Station,Texas
Colorado Springs,Colorado
Columbia,Missouri
Columbia,South Carolina
Columbus,Georgia
Columbus,Ohio
Concord,California
Concord,North Carolina
Coral Springs,Florida
Corona,California
Corpus Christi,Texas
Costa Mesa,California
Dallas,Texas
Daly City,California
Davenport,Iowa
Davie,Florida
Dayton,Ohio
Dearborn,Michigan
Denton,Texas
Denver,Colorado
Des Moines,Iowa
Detroit,Michigan
Downey,California
Duluth,Minnesota
Durham,North Carolina
Edinburg,Texas
Edison,New Jersey
El Cajon,California
El Monte,California
El Paso,Texas
Elgin,Illinois
Elizabeth,New Jersey
Elk Grove,California
Erie,Pennsylvania
Escondido,California
Eugene,Oregon
Evansville,Indiana
Everett,Washington
Fairfield,California
Fall River,Massachusetts
Fargo,North Dakota
Fayetteville,North Carolina
Federal Way,Washington
Flint,Michigan
Fontana,California
Fort Collins,Colorado
Fort Lauderdale,Florida
Fort Wayne,Indiana
Fort Worth,Texas
Fremont,California
Fresno,California
Frisco,Texas
Fullerton,California
Gainesville,Florida
Garden Grove,California
Garland,Texas
Gary,Indiana
Gilbert,Arizona
Glendale,Arizona
Glendale,California
Grand Prairie,Texas
Grand Rapids,Michigan
Greeley,Colorado
Green Bay,Wisconsin
Greensboro,North Carolina
Gresham,Oregon
Hammond,Indiana
Hampton,Virginia
Hartford,Connecticut
Hayward,California
Henderson,Nevada
Hialeah,Florida
High Point,North Carolina
Hillsboro,Oregon
Hollywood,Florida
Honolulu,Hawaii
Houston,Texas
Huntington Beach,California
Huntsville,Alabama
Independence,Missouri
Indianapolis,Indiana
Inglewood,California
Irvine,California
Irving,Texas
Jackson,Mississippi
Jacksonville,Florida
Jersey City,New Jersey
Joliet,Illinois
Jurupa Valley,California
Kansas City,Kansas
Kansas City,Missouri
Kent,Washington
Killeen,Texas
Knoxville,Tennessee
Lafayette,Louisiana
Lakeland,Florida
Lakewood,Colorado
Lakewood,New Jersey
Lancaster,California
Lansing,Michigan
Laredo,Texas
Las Cruces,New Mexico
Las Vegas,Nevada
League City,Texas
Lee's Summit,Missouri
Lewisville,Texas
Lexington,Kentucky
Lincoln,Nebraska
Little Rock,Arkansas
Livonia,Michigan
Long Beach,California
Los Angeles,California
Louisville,Kentucky
Lowell,Massachusetts
Lubbock,Texas
Lynn,Massachusetts
Macon,Georgia
Madison,Wisconsin
Manchester,New Hampshire
McAllen,Texas
McKinney,Texas
Memphis,Tennessee
Menifee,California
Meridian,Idaho
Mesa,Arizona
Mesquite,Texas
Miami Gardens,Florida
Miami,Florida
Midland,Texas
Milwaukee,Wisconsin
Minneapolis,Minnesota
Miramar,Florida
Mobile,Alabama
Modesto,California
Montgomery,Alabama
Moreno Valley,California
Murfreesboro,Tennessee
Murrieta,California
Nampa,Idaho
Naperville,Illinois
Nashville,Tennessee
New Bedford,Massachusetts
New Haven,Connecticut
New Orleans,Louisiana
New York,New York
Newark,New Jersey
Newport News,Virginia
Niagara Falls,New York
Norfolk,Virginia
Norman,Oklahoma
North Charleston,South Carolina
North Las Vegas,Nevada
Norwalk,California
Oakland,California
Oceanside,California
Odessa,Texas
Oklahoma City,Oklahoma
Olathe,Kansas
Omaha,Nebraska
Ontario,California
Orange,California
Orlando,Florida
Overland Park,Kansas
Oxnard,California
Palm Bay,Florida
Palmdale,California
Parma,Ohio
Pasadena,California
Pasadena,Texas
Paterson,New Jersey
Pearland,Texas
Pembroke Pines,Florida
Peoria,Arizona
Peoria,Illinois
Philadelphia,Pennsylvania
Phoenix,Arizona
Pittsburgh,Pennsylvania
Plano,Texas
Pomona,California
Pompano Beach,Florida
Port St. Lucie,Florida
Portland,Oregon
Portsmouth,Virginia
Providence,Rhode Island
Provo,Utah
Pueblo,Colorado
Quincy,Massachusetts
Raleigh,North Carolina
Rancho Cucamonga,California
Reading,Pennsylvania
Reno,Nevada
Renton,Washington
Rialto,California
Richardson,Texas
Richmond,California
Richmond,Virginia
Rio Rancho,New Mexico
Riverside,California
Roanoke,Virginia
Rochester,Minnesota
Rochester,New York
Rockford,Illinois
Roseville,California
Round Rock,Texas
Sacramento,California
Saint Paul,Minnesota
Salem,Oregon
Salinas,California
Salt Lake City,Utah
San Antonio,Texas
San Bernardino,California
San Diego,California
San Francisco,California
San Jose,California
San Mateo,California
Sandy Springs,Georgia
Santa Ana,California
Santa Clara,California
Santa Clarita,California
Santa Maria,California
Santa Rosa,California
Savannah,Georgia
Scottsdale,Arizona
Scranton,Pennsylvania
Seattle,Washington
Shreveport,Louisiana
Simi Valley,California
Sioux Falls,South Dakota
Somerville,Massachusetts
South Bend,Indiana
South Fulton,Georgia
Sparks,Nevada
Spokane Valley,Washington
Spokane,Washington
Springfield,Illinois
Springfield,Massachusetts
Springfield,Missouri
St. Joseph,Missouri
St. Louis,Missouri
St. Petersburg,Florida
Stamford,Connecticut
Sterling Heights,Michigan
Stockton,California
Sugar Land,Texas
Sunnyvale,California
Surprise,Arizona
Syracuse,New York
Tacoma,Washington
Tallahassee,Florida
Tampa,Florida
Temecula,California
Tempe,Arizona
Thornton,Colorado
Thousand Oaks,California
Toledo,Ohio
Topeka,Kansas
Torrance,California
Trenton,New Jersey
Tucson,Arizona
Tulsa,Oklahoma
Tyler,Texas
Utica,New York
Vacaville,California
Vallejo,California
Vancouver,Washington
Ventura,California
Victorville,California
Virginia Beach,Virginia
Visalia,California
Waco,Texas
Warren,Michigan
Washington,DC
Waterbury,Connecticut
West Covina,California
West Jordan,Utah
West Palm Beach,Florida
West Valley City,Utah
Westminster,Colorado
Wichita Falls,Texas
Wichita,Kansas
Wilmington,Delaware
Wilmington,North Carolina
Winstonâ€“Salem,North Carolina
Woodbridge,New Jersey
Worcester,Massachusetts
Yonkers,New York
Youngstown,Ohio
